Credit History,Age,Gender,Job,Housing,Saving accounts,Credit amount,Duration,Purpose,Risk
4,67,male,2,own,NA,1169,6,radio/TV,good
2,22,female,2,own,little,5951,48,radio/TV,bad
4,49,male,1,own,little,2096,12,education,good
2,45,male,2,free,little,7882,42,furniture/equipment,good
3,53,male,2,free,little,4870,24,car,bad
2,35,male,1,free,NA,9055,36,education,good
2,53,male,2,own,quite rich,2835,24,furniture/equipment,good
2,35,male,3,rent,little,6948,36,car,good
2,61,male,1,own,rich,3059,12,radio/TV,good
4,28,male,3,own,little,5234,30,car,bad
2,25,female,2,rent,little,1295,12,car,bad
2,24,female,2,rent,little,4308,48,business,bad
2,22,female,2,own,little,1567,12,radio/TV,good
4,60,male,1,own,little,1199,24,car,bad
2,28,female,2,rent,little,1403,15,car,good
2,32,female,1,own,moderate,1282,24,radio/TV,bad
4,53,male,2,own,NA,2424,24,radio/TV,good
0,25,male,2,own,NA,8072,30,business,good
2,44,female,3,free,little,12579,24,car,bad
2,31,male,2,own,quite rich,3430,24,radio/TV,good
4,48,male,2,own,little,2134,9,car,good
2,44,male,2,rent,quite rich,2647,6,radio/TV,good
4,48,male,1,rent,little,2241,10,car,good
4,44,male,2,own,moderate,1804,12,car,good
4,26,male,2,own,NA,2069,10,furniture/equipment,good
2,36,male,1,own,little,1374,6,furniture/equipment,good
0,39,male,1,own,little,426,6,radio/TV,good
1,42,female,2,rent,rich,409,12,radio/TV,good
2,34,male,2,own,little,2415,7,radio/TV,good
3,63,male,2,own,little,6836,60,business,bad
2,36,male,2,own,rich,1913,18,business,good
2,27,male,2,own,little,4020,24,furniture/equipment,good
2,30,male,2,own,moderate,5866,18,car,good
4,57,male,1,rent,NA,1264,12,business,good
2,33,female,3,own,little,1474,12,furniture/equipment,good
4,25,male,1,own,little,4746,45,radio/TV,bad
4,31,male,2,free,little,6110,48,education,good
2,37,male,2,own,little,2100,18,radio/TV,bad
2,37,male,2,own,little,1225,10,domestic appliances,good
2,24,male,2,own,little,458,9,radio/TV,good
2,30,male,3,own,quite rich,2333,30,radio/TV,good
2,26,male,2,own,quite rich,1158,12,radio/TV,good
3,44,male,1,own,little,6204,18,repairs,good
4,24,male,2,rent,moderate,6187,30,car,good
4,58,female,1,free,little,6143,48,car,bad
4,35,female,3,own,little,1393,11,car,good
2,39,male,2,own,quite rich,2299,36,radio/TV,good
2,23,female,0,rent,quite rich,1352,6,car,good
4,39,male,1,own,little,7228,11,car,good
2,28,female,2,own,moderate,2073,12,radio/TV,good
3,29,male,1,own,NA,2333,24,furniture/equipment,good
3,30,male,3,own,little,5965,27,car,good
2,25,male,2,own,little,1262,12,radio/TV,good
2,31,male,2,own,NA,3378,18,car,good
3,57,male,2,free,little,2225,36,car,bad
1,26,male,1,own,NA,783,6,car,good
2,52,male,3,own,NA,6468,12,radio/TV,bad
4,31,female,2,own,little,9566,36,radio/TV,good
2,23,female,3,own,little,1961,18,car,good
4,23,female,1,rent,little,6229,36,furniture/equipment,bad
2,27,male,2,own,little,1391,9,business,good
4,50,male,2,own,NA,1537,15,radio/TV,good
0,61,male,3,free,little,1953,36,business,bad
0,25,male,2,own,little,14421,48,business,bad
2,26,female,2,own,little,3181,24,radio/TV,good
2,48,male,2,own,NA,5190,27,repairs,good
2,29,female,2,own,little,2171,12,radio/TV,good
2,22,male,2,own,rich,1007,12,car,good
2,37,male,2,free,little,1819,36,education,bad
2,25,female,2,own,NA,2394,36,radio/TV,good
2,30,female,2,own,little,8133,36,car,good
4,46,male,1,rent,NA,730,7,radio/TV,good
4,51,male,3,free,little,1164,8,vacation/others,good
4,41,female,1,own,little,5954,42,business,good
2,40,male,3,own,NA,1977,36,education,bad
4,66,male,3,free,little,1526,12,car,good
2,34,male,2,own,little,3965,42,radio/TV,bad
3,51,male,2,own,little,4771,11,radio/TV,good
0,39,male,1,own,NA,9436,54,car,good
2,22,male,2,own,little,3832,30,furniture/equipment,good
2,44,female,2,own,NA,5943,24,radio/TV,bad
2,47,male,2,own,quite rich,1213,15,radio/TV,good
2,24,female,1,rent,moderate,1568,18,business,good
2,58,female,1,own,little,1755,24,vacation/others,good
2,52,male,1,own,little,2315,10,radio/TV,good
4,29,female,3,own,little,1412,12,business,good
4,27,female,2,own,little,1295,18,furniture/equipment,good
2,47,male,2,free,moderate,12612,36,education,bad
2,30,male,3,own,moderate,2249,18,car,good
0,28,male,2,own,little,1108,12,repairs,bad
4,56,male,2,own,little,618,12,radio/TV,good
4,54,male,2,own,little,1409,12,car,good
4,33,female,1,own,NA,797,12,radio/TV,bad
4,20,male,2,rent,NA,3617,24,furniture/equipment,good
2,54,male,2,own,rich,1318,12,car,good
0,58,male,2,rent,little,15945,54,business,bad
4,61,female,2,own,NA,2012,12,education,good
2,34,male,2,own,moderate,2622,18,business,good
4,36,male,2,own,little,2337,36,radio/TV,good
3,36,male,3,rent,NA,7057,20,car,good
2,41,male,1,rent,moderate,1469,24,car,good
2,24,male,2,rent,little,2323,36,radio/TV,good
3,24,female,2,own,little,932,6,radio/TV,good
4,35,male,2,rent,little,1919,9,furniture/equipment,good
2,26,male,2,rent,NA,2445,12,car,good
4,39,male,3,own,little,11938,24,vacation/others,bad
1,39,male,3,own,little,6458,18,car,bad
2,32,male,2,own,little,6078,12,car,good
2,30,female,2,own,NA,7721,24,furniture/equipment,good
2,35,male,2,own,quite rich,1410,14,business,good
3,31,male,2,own,moderate,1449,6,business,good
2,23,female,2,rent,little,392,15,education,good
2,28,male,1,rent,little,6260,18,car,good
4,25,female,2,own,little,7855,36,car,bad
2,35,male,2,own,quite rich,1680,12,radio/TV,good
4,47,male,2,own,NA,3578,48,radio/TV,good
2,30,female,3,own,NA,7174,42,radio/TV,bad
4,27,female,2,rent,NA,2132,10,furniture/equipment,good
4,23,female,2,own,quite rich,4281,33,furniture/equipment,bad
4,36,male,3,own,quite rich,2366,12,car,good
2,25,female,2,own,little,1835,21,radio/TV,bad
4,41,female,3,rent,little,3868,24,car,good
2,24,male,1,rent,little,1768,12,furniture/equipment,good
4,63,male,2,free,little,781,10,car,good
2,27,female,2,rent,NA,1924,18,furniture/equipment,bad
4,30,male,2,own,little,2121,12,car,good
2,40,male,1,own,little,701,12,radio/TV,good
2,30,male,2,own,little,639,12,repairs,bad
4,34,male,3,own,little,1860,12,car,good
4,29,female,2,own,little,3499,12,car,bad
2,24,female,2,own,NA,8487,48,car,good
3,29,male,2,own,little,6887,36,education,bad
2,27,male,1,own,little,2708,15,furniture/equipment,good
2,47,male,2,free,little,1984,18,furniture/equipment,good
2,21,female,2,own,moderate,10144,60,radio/TV,good
4,38,female,2,own,NA,1240,12,radio/TV,good
3,27,male,2,own,rich,8613,27,car,good
2,66,male,1,own,quite rich,766,12,radio/TV,bad
4,35,male,2,own,NA,2728,15,radio/TV,good
2,44,female,1,rent,little,1881,12,radio/TV,good
2,27,male,0,own,rich,709,6,car,good
2,30,female,3,own,little,4795,36,radio/TV,good
2,27,male,3,own,little,3416,27,radio/TV,good
2,22,male,2,own,little,2462,18,furniture/equipment,bad
4,23,female,2,own,little,2288,21,furniture/equipment,good
1,30,male,2,own,moderate,3566,48,business,good
4,39,female,2,own,little,860,6,car,good
4,51,female,2,own,moderate,682,12,car,good
4,28,male,2,own,little,5371,36,furniture/equipment,good
4,46,male,2,own,rich,1582,18,radio/TV,good
2,42,male,2,free,moderate,1346,6,radio/TV,good
2,38,male,2,own,little,1924,10,radio/TV,good
2,24,male,2,own,little,5848,36,radio/TV,good
4,29,female,2,rent,rich,7758,24,car,good
3,36,male,3,rent,moderate,6967,24,business,good
2,20,female,2,rent,little,1282,12,furniture/equipment,bad
4,48,male,2,own,moderate,1288,9,repairs,good
1,45,male,1,own,little,339,12,education,good
2,38,male,2,own,moderate,3512,24,car,good
4,34,male,1,own,NA,1898,6,radio/TV,good
4,36,male,2,own,moderate,2872,24,radio/TV,good
4,30,female,2,own,little,1055,18,car,good
2,36,male,2,own,quite rich,1262,15,domestic appliances,good
2,70,male,3,free,little,7308,10,car,good
2,36,male,2,own,quite rich,909,36,car,good
2,32,male,2,own,quite rich,2978,6,furniture/equipment,good
2,33,female,2,own,little,1131,18,furniture/equipment,bad
2,20,female,2,own,rich,1577,11,furniture/equipment,good
2,25,female,2,rent,little,3972,24,furniture/equipment,good
4,31,male,2,own,little,1935,24,business,bad
0,33,male,2,rent,little,950,15,car,bad
2,26,female,2,own,little,763,12,furniture/equipment,good
3,34,female,3,own,little,2064,24,furniture/equipment,bad
2,33,male,2,own,little,1414,8,radio/TV,good
3,26,male,2,own,little,3414,21,education,bad
1,53,female,3,own,NA,7485,30,car,bad
2,42,male,2,own,little,2577,12,furniture/equipment,good
4,52,male,2,own,quite rich,338,6,radio/TV,good
2,31,male,3,rent,little,1963,12,radio/TV,good
4,65,male,2,own,little,571,21,car,good
3,28,male,2,own,little,9572,36,business,bad
3,30,male,3,own,little,4455,36,business,bad
1,40,male,1,own,NA,1647,21,car,bad
4,50,male,2,own,rich,3777,24,furniture/equipment,good
4,36,male,2,own,little,884,18,car,bad
4,31,male,2,own,little,1360,15,radio/TV,good
1,74,female,3,free,little,5129,9,car,bad
4,68,male,0,free,little,1175,16,car,good
2,20,male,2,own,moderate,674,12,radio/TV,bad
0,33,female,2,own,little,3244,18,furniture/equipment,good
2,54,male,3,own,rich,4591,24,business,bad
0,34,male,1,free,moderate,3844,48,business,bad
2,36,male,2,own,little,3915,27,business,bad
2,29,male,2,rent,little,2108,6,radio/TV,good
2,21,male,2,rent,moderate,3031,45,radio/TV,bad
4,34,female,3,own,little,1501,9,education,bad
4,28,female,2,own,little,1382,6,radio/TV,good
2,27,female,2,rent,moderate,951,12,furniture/equipment,bad
2,36,male,2,free,NA,2760,24,car,good
3,40,male,3,own,little,4297,18,furniture/equipment,bad
4,52,male,2,own,quite rich,936,9,education,good
2,27,male,1,own,little,1168,12,car,good
3,26,male,2,own,little,5117,27,business,good
2,21,male,2,rent,little,902,12,education,bad
4,38,male,1,own,little,1495,12,car,good
4,38,male,3,free,little,10623,30,car,good
4,43,male,2,own,little,1935,12,furniture/equipment,good
4,26,male,2,own,little,1424,12,domestic appliances,good
2,21,male,1,own,little,6568,24,business,good
2,55,male,2,own,rich,1413,12,car,good
4,33,male,2,own,NA,3074,9,radio/TV,good
2,45,female,1,own,NA,3835,36,radio/TV,good
0,50,male,2,own,little,5293,27,business,bad
3,66,male,3,own,little,1908,30,business,bad
4,51,male,2,own,NA,3342,36,radio/TV,good
4,39,female,1,own,NA,932,6,education,good
0,31,male,2,own,little,3104,18,business,good
2,23,male,2,own,little,3913,36,radio/TV,good
2,24,male,1,rent,little,3021,24,furniture/equipment,good
2,64,female,2,own,little,1364,10,car,good
2,26,male,1,own,little,625,12,radio/TV,good
2,23,female,2,rent,NA,1200,12,education,good
2,30,male,2,own,little,707,12,radio/TV,good
3,32,male,2,own,NA,2978,24,business,good
2,30,male,2,own,little,4657,15,car,good
0,27,male,2,own,little,2613,36,repairs,good
2,27,male,2,own,rich,10961,48,radio/TV,bad
2,53,male,3,free,little,7865,12,furniture/equipment,bad
2,22,male,2,own,little,1478,9,radio/TV,bad
2,22,male,2,free,little,3149,24,furniture/equipment,good
2,26,male,2,own,little,4210,36,radio/TV,bad
2,51,male,1,free,quite rich,2507,9,car,good
2,35,male,2,own,moderate,2141,12,radio/TV,good
2,25,male,1,own,little,866,18,radio/TV,good
4,42,male,1,own,little,1544,4,radio/TV,good
2,30,male,3,own,little,1823,24,radio/TV,bad
2,23,male,0,own,NA,14555,6,car,bad
2,61,male,1,rent,moderate,2767,21,business,bad
4,35,female,2,own,little,1291,12,radio/TV,good
2,39,male,2,own,little,2522,30,radio/TV,good
2,29,female,2,own,NA,915,24,car,bad
2,51,male,2,own,little,1595,6,radio/TV,good
0,24,male,2,free,little,4605,48,car,bad
4,27,female,2,own,little,1185,12,business,good
1,35,female,1,own,quite rich,3447,12,education,good
2,25,male,2,own,little,1258,24,business,good
4,52,male,2,own,little,717,12,radio/TV,good
0,35,male,2,rent,moderate,1204,6,car,good
2,26,male,2,own,little,1925,24,furniture/equipment,good
2,22,female,2,rent,little,433,18,radio/TV,bad
4,39,female,1,own,rich,666,6,car,good
2,46,female,1,own,little,2251,12,furniture/equipment,good
2,24,female,2,own,little,2150,30,car,bad
3,35,male,2,own,moderate,4151,24,furniture/equipment,good
2,24,male,2,own,NA,2030,9,furniture/equipment,good
3,27,male,1,own,NA,7418,60,radio/TV,good
4,35,male,1,own,little,2684,24,radio/TV,good
1,29,male,2,free,little,2149,12,radio/TV,bad
2,23,female,2,own,moderate,3812,15,car,good
4,57,female,1,own,moderate,1154,11,radio/TV,good
2,27,male,2,own,little,1657,12,furniture/equipment,good
2,55,female,2,own,little,1603,24,radio/TV,good
4,36,male,3,free,little,5302,18,car,good
4,57,female,1,free,little,2748,12,education,good
4,32,male,1,own,little,1231,10,car,good
2,37,male,2,own,little,802,15,radio/TV,bad
4,36,male,2,own,NA,6304,36,business,good
2,38,female,2,own,little,1533,24,radio/TV,good
2,45,male,3,own,little,8978,14,car,bad
2,25,male,2,own,NA,999,24,radio/TV,good
2,32,male,2,own,NA,2662,18,car,good
4,37,female,2,rent,quite rich,1402,12,furniture/equipment,good
1,36,male,3,free,NA,12169,48,car,good
2,28,male,2,own,little,3060,48,radio/TV,bad
2,34,male,1,own,little,11998,30,repairs,bad
2,32,male,2,own,little,2697,9,radio/TV,good
4,26,female,2,own,little,2404,18,radio/TV,good
2,49,male,1,own,NA,1262,12,furniture/equipment,good
2,32,female,2,own,little,4611,6,furniture/equipment,bad
2,29,male,3,rent,moderate,1901,24,radio/TV,good
4,23,male,2,rent,rich,3368,15,car,good
2,50,male,2,own,little,1574,12,furniture/equipment,good
1,49,male,1,own,NA,1445,18,radio/TV,good
4,63,male,2,own,NA,1520,15,furniture/equipment,good
4,37,male,2,own,moderate,3878,24,car,good
2,35,female,1,own,little,10722,47,car,good
2,26,male,2,own,little,4788,48,car,good
3,31,male,3,free,moderate,7582,48,vacation/others,good
2,49,female,2,own,little,1092,12,radio/TV,good
3,48,male,2,own,little,1024,24,radio/TV,bad
2,26,male,2,own,little,1076,12,business,good
2,28,male,3,rent,little,9398,36,car,bad
4,44,female,3,free,little,6419,24,car,good
4,56,male,2,free,little,4796,42,car,good
4,46,male,3,own,NA,7629,48,business,good
2,26,female,2,own,little,9960,48,furniture/equipment,bad
2,20,female,2,rent,NA,4675,12,car,good
2,45,male,1,own,NA,1287,10,car,good
2,43,male,2,own,little,2515,18,furniture/equipment,good
4,32,male,2,own,rich,2745,21,furniture/equipment,good
2,54,female,0,own,little,672,6,car,good
0,42,female,2,own,little,3804,36,radio/TV,bad
4,37,male,1,own,NA,1344,24,car,bad
4,49,male,2,own,little,1038,10,car,good
4,44,male,2,free,quite rich,10127,48,car,bad
2,33,male,2,own,rich,1543,6,furniture/equipment,good
2,24,female,1,rent,NA,4811,30,car,good
2,33,male,1,own,moderate,727,12,radio/TV,bad
2,24,female,2,own,little,1237,8,furniture/equipment,bad
2,22,male,1,rent,little,276,9,car,good
2,40,male,0,free,NA,5381,48,vacation/others,good
2,25,male,2,own,moderate,5511,24,furniture/equipment,good
2,26,female,2,own,little,3749,24,furniture/equipment,good
2,25,male,1,own,little,685,12,car,bad
2,29,male,1,own,NA,1494,4,car,good
1,31,male,2,own,little,2746,36,furniture/equipment,bad
2,38,male,1,own,little,708,12,furniture/equipment,good
2,48,female,1,own,NA,4351,24,furniture/equipment,good
4,32,male,2,own,little,701,12,education,good
3,27,female,1,own,little,3643,15,furniture/equipment,good
4,28,male,3,own,little,4249,30,car,bad
2,32,male,2,own,little,1938,24,radio/TV,bad
2,34,male,3,free,little,2910,24,car,good
2,28,male,2,own,rich,2659,18,furniture/equipment,good
4,36,female,2,own,little,1028,18,car,good
4,39,male,1,own,little,3398,8,car,good
4,49,male,2,rent,NA,5801,12,furniture/equipment,good
2,34,female,2,own,rich,1525,24,car,good
2,31,male,2,own,little,4473,36,radio/TV,good
2,28,male,2,own,little,1068,6,radio/TV,good
4,75,male,3,free,little,6615,24,car,good
4,30,female,2,own,moderate,1864,18,education,bad
2,24,female,3,own,moderate,7408,60,car,bad
4,24,female,1,rent,moderate,11590,48,car,bad
0,23,male,2,rent,little,4110,24,furniture/equipment,bad
4,44,male,3,rent,little,3384,6,furniture/equipment,bad
2,23,female,1,own,little,2101,13,radio/TV,good
2,24,female,2,rent,NA,1275,15,domestic appliances,bad
2,28,male,2,own,little,4169,24,furniture/equipment,good
2,31,male,1,own,little,1521,10,furniture/equipment,good
4,24,female,2,free,little,5743,24,education,good
2,26,female,1,rent,little,3599,21,furniture/equipment,good
2,25,male,2,rent,quite rich,3213,18,radio/TV,good
2,33,male,3,own,little,4439,18,business,good
2,37,male,1,own,little,3949,10,car,good
4,43,female,1,own,little,1459,15,radio/TV,good
4,23,male,2,own,little,882,13,radio/TV,good
2,23,female,0,rent,quite rich,3758,24,radio/TV,good
3,34,male,1,own,moderate,1743,6,business,good
4,32,male,2,free,rich,1136,9,education,bad
2,23,female,2,rent,little,1236,9,domestic appliances,good
2,29,female,2,own,little,959,9,furniture/equipment,bad
4,38,male,3,own,NA,3229,18,car,good
0,28,male,2,rent,little,6199,12,radio/TV,bad
2,46,male,2,free,quite rich,727,10,education,good
2,23,male,1,own,little,1246,24,car,bad
4,49,male,2,own,NA,2331,12,radio/TV,good
3,26,male,3,own,little,4463,36,radio/TV,bad
2,28,male,2,own,little,776,12,radio/TV,good
2,23,female,2,rent,little,2406,30,furniture/equipment,bad
2,61,male,2,free,NA,1239,18,education,good
2,37,male,3,own,NA,3399,12,radio/TV,good
3,36,female,2,own,little,2247,12,car,good
2,21,male,2,rent,little,1766,6,furniture/equipment,good
2,25,male,0,own,little,2473,18,furniture/equipment,bad
2,36,male,2,own,little,1542,12,business,good
4,27,male,2,own,little,3850,18,car,good
2,22,female,2,rent,little,3650,18,furniture/equipment,good
2,42,male,2,own,little,3446,36,furniture/equipment,bad
2,40,female,2,rent,little,3001,18,furniture/equipment,good
2,36,male,2,own,NA,3079,36,car,good
4,33,male,2,own,little,6070,18,radio/TV,good
4,23,female,2,rent,little,2146,10,furniture/equipment,good
4,63,male,3,free,NA,13756,60,car,good
1,60,female,3,free,moderate,14782,60,vacation/others,bad
1,37,female,2,rent,little,7685,48,business,bad
3,34,male,2,own,little,2320,18,radio/TV,good
3,36,male,2,free,NA,846,7,radio/TV,good
2,57,male,3,free,little,14318,36,car,bad
4,52,female,1,own,moderate,362,6,car,good
2,39,male,2,own,NA,2212,20,furniture/equipment,good
2,38,female,3,free,little,12976,18,car,bad
2,25,female,2,rent,NA,1283,22,car,good
2,26,male,2,own,little,1330,12,car,good
3,26,male,1,own,moderate,4272,30,business,good
4,25,female,2,own,little,2238,18,radio/TV,good
2,21,female,2,rent,NA,1126,18,radio/TV,good
4,40,male,3,own,little,7374,18,furniture/equipment,good
4,27,male,2,own,quite rich,2326,15,business,good
2,27,female,2,own,little,1449,9,business,good
2,30,male,3,own,little,1820,18,car,good
2,19,female,1,rent,rich,983,12,furniture/equipment,good
2,39,male,3,free,little,3249,36,car,good
4,31,female,2,own,little,1957,6,radio/TV,good
4,31,male,3,own,little,2406,9,furniture/equipment,good
3,32,male,2,rent,moderate,11760,39,education,good
2,55,female,3,free,little,2578,12,furniture/equipment,good
4,46,male,2,own,little,2348,36,furniture/equipment,good
2,46,male,2,rent,little,1223,12,car,bad
4,43,female,1,own,rich,1516,24,radio/TV,good
2,39,male,2,own,little,1473,18,radio/TV,good
4,28,male,2,own,NA,1887,18,business,good
3,27,male,2,own,little,8648,24,business,bad
3,27,male,1,own,little,802,14,car,good
3,43,male,2,own,NA,2899,18,car,good
2,22,male,2,own,little,2039,24,radio/TV,bad
4,43,male,2,own,NA,2197,24,car,good
2,27,male,2,own,little,1053,15,radio/TV,good
2,26,male,3,own,quite rich,3235,24,radio/TV,good
4,28,male,2,own,quite rich,939,12,car,bad
2,20,female,2,own,little,1967,24,radio/TV,good
4,35,male,3,own,little,7253,33,car,good
4,42,male,3,own,little,2292,12,business,bad
2,40,male,1,rent,quite rich,1597,10,car,good
2,35,female,2,own,NA,1381,24,car,bad
4,35,male,2,own,little,5842,36,car,good
2,33,male,1,own,little,2579,12,car,bad
3,23,female,2,rent,NA,8471,18,education,good
2,31,female,3,own,quite rich,2782,21,car,good
2,33,female,2,own,NA,1042,18,car,bad
2,20,female,2,rent,rich,3186,15,car,good
2,30,male,2,own,NA,2028,12,car,good
4,47,male,1,own,little,958,12,car,good
3,34,male,3,own,moderate,1591,21,furniture/equipment,good
2,25,female,2,own,NA,2762,12,furniture/equipment,bad
2,21,male,2,rent,little,2779,18,car,good
4,29,male,2,own,little,2743,28,radio/TV,good
4,46,male,2,own,rich,1149,18,radio/TV,good
2,20,male,2,own,little,1313,9,furniture/equipment,good
4,55,female,0,free,little,1190,18,repairs,bad
2,74,male,1,own,little,3448,5,business,good
2,29,male,3,own,little,11328,24,vacation/others,bad
4,36,male,3,free,little,1872,6,furniture/equipment,good
4,33,male,2,own,little,2058,24,repairs,good
2,25,male,2,own,little,2136,9,furniture/equipment,good
2,25,male,2,own,NA,1484,12,radio/TV,bad
2,23,male,1,rent,quite rich,660,6,repairs,good
4,37,female,2,own,rich,1287,24,car,good
4,65,male,0,own,little,3394,42,repairs,good
1,26,female,0,own,little,609,12,business,bad
2,39,male,3,own,little,1884,12,car,good
2,30,female,2,own,little,1620,12,furniture/equipment,good
3,29,male,2,own,little,2629,20,vacation/others,good
2,41,male,1,own,little,719,12,education,bad
4,30,female,3,own,little,5096,48,furniture/equipment,bad
4,41,female,1,rent,NA,1244,9,education,good
2,34,female,2,own,little,1842,36,car,bad
2,35,male,2,own,little,2576,7,radio/TV,good
2,55,female,3,own,NA,1424,12,furniture/equipment,good
3,61,male,2,own,rich,1512,15,repairs,bad
4,30,male,3,own,NA,11054,36,car,good
2,29,female,2,own,little,518,6,radio/TV,good
0,34,male,2,own,little,2759,12,furniture/equipment,good
2,35,male,3,own,little,2670,24,car,good
2,31,male,2,own,little,4817,24,car,bad
2,29,female,3,own,little,2679,24,car,good
4,36,male,2,rent,little,3905,11,car,good
2,35,male,2,free,little,3386,12,car,bad
2,27,female,2,own,little,343,6,domestic appliances,good
2,32,male,2,own,little,4594,18,radio/TV,good
2,37,male,2,own,little,3620,36,furniture/equipment,good
2,36,male,2,own,little,1721,15,car,good
2,34,female,3,rent,little,3017,12,furniture/equipment,good
2,38,male,2,own,NA,754,12,education,good
2,34,male,2,own,little,1950,18,business,good
2,63,male,2,own,little,2924,24,car,good
3,29,female,1,rent,little,1659,24,radio/TV,bad
3,32,male,2,own,NA,7238,48,radio/TV,good
3,26,female,2,own,little,2764,33,business,good
3,35,male,1,own,little,4679,24,car,good
2,22,male,2,rent,moderate,3092,24,radio/TV,bad
2,23,female,2,own,little,448,6,education,bad
2,28,male,1,own,little,654,9,car,bad
2,36,male,3,own,NA,1238,6,education,good
4,33,male,2,own,little,1245,18,radio/TV,bad
0,26,female,2,rent,little,3114,18,furniture/equipment,bad
2,24,male,2,own,quite rich,2569,39,car,good
2,25,male,2,own,little,5152,24,radio/TV,good
2,39,male,1,own,moderate,1037,12,business,good
4,44,male,2,own,little,1478,15,furniture/equipment,good
4,23,female,1,own,little,3573,12,radio/TV,good
2,26,male,2,own,little,1201,24,car,good
2,57,female,2,rent,rich,3622,30,furniture/equipment,good
3,30,female,2,own,rich,960,15,furniture/equipment,good
4,44,male,2,own,quite rich,1163,12,car,good
3,47,male,3,own,little,1209,6,car,bad
2,52,male,2,own,little,3077,12,radio/TV,good
2,62,female,2,free,little,3757,24,car,good
2,35,male,1,rent,moderate,1418,10,car,good
2,26,male,2,rent,little,3518,6,car,good
4,26,male,2,own,little,1934,12,radio/TV,good
0,42,female,3,free,little,8318,27,business,bad
4,27,female,2,own,moderate,1237,6,radio/TV,good
2,38,male,2,own,NA,368,6,radio/TV,good
4,39,male,1,rent,little,2122,12,car,good
2,20,male,2,own,NA,2996,24,furniture/equipment,bad
2,29,male,3,rent,moderate,9034,36,furniture/equipment,bad
4,40,male,2,own,little,1585,24,furniture/equipment,good
2,32,male,1,own,little,1301,18,radio/TV,good
4,28,male,2,own,moderate,1323,6,car,good
2,27,female,2,own,little,3123,24,car,bad
2,42,male,2,free,little,5493,36,car,good
2,49,male,2,own,moderate,1126,9,radio/TV,good
4,38,male,2,own,moderate,1216,24,radio/TV,bad
2,24,female,2,rent,little,1207,24,car,bad
2,27,male,1,own,NA,1309,10,car,bad
4,36,male,2,own,quite rich,2360,15,car,good
1,34,male,3,own,moderate,6850,15,car,bad
2,28,male,2,own,little,1413,24,radio/TV,good
2,45,male,3,own,moderate,8588,39,car,good
2,26,male,2,own,little,759,12,car,bad
2,32,male,3,free,little,4686,36,car,good
2,26,male,2,rent,little,2687,15,business,good
3,20,male,2,rent,little,585,12,radio/TV,good
2,54,male,2,own,NA,2255,24,car,good
4,37,female,2,own,little,609,6,car,good
4,40,male,1,own,little,1361,6,car,good
4,23,female,2,rent,little,7127,36,furniture/equipment,bad
2,43,male,2,own,moderate,1203,6,car,good
4,36,male,2,free,NA,700,6,radio/TV,good
4,44,male,2,free,little,5507,24,repairs,good
2,24,female,2,own,little,3190,18,radio/TV,bad
0,53,male,2,free,little,7119,48,furniture/equipment,bad
2,23,female,2,own,moderate,3488,24,car,good
2,26,female,1,own,little,1113,18,radio/TV,good
2,30,male,2,own,little,7966,26,car,good
4,31,female,2,own,moderate,1532,15,education,good
4,42,male,1,own,little,1503,4,radio/TV,good
2,31,male,2,rent,little,2302,36,radio/TV,bad
2,41,male,1,own,little,662,6,car,good
2,32,male,2,own,little,2273,36,education,good
2,28,female,2,rent,moderate,2631,15,car,bad
3,41,male,2,rent,little,1503,12,car,good
2,26,male,2,own,moderate,1311,24,radio/TV,good
2,25,male,2,own,NA,3105,24,radio/TV,good
4,33,male,2,rent,little,2319,21,education,bad
2,75,female,3,own,NA,1374,6,car,good
4,37,female,2,own,little,3612,18,furniture/equipment,good
2,42,male,3,free,little,7763,48,car,bad
2,45,female,1,own,little,3049,18,furniture/equipment,good
2,23,male,2,rent,little,1534,12,radio/TV,bad
3,60,male,2,free,little,2032,24,car,good
2,31,male,2,own,NA,6350,30,furniture/equipment,bad
2,34,male,1,own,little,2864,18,furniture/equipment,bad
4,61,male,1,own,little,1255,12,car,good
3,43,male,2,free,little,1333,24,car,bad
4,37,female,2,own,little,2022,24,car,good
2,32,male,2,own,little,1552,24,radio/TV,good
1,24,female,1,own,little,626,12,radio/TV,bad
4,35,male,2,free,NA,8858,48,car,good
4,23,female,2,own,NA,996,12,repairs,good
1,45,male,1,own,quite rich,1750,6,radio/TV,good
2,34,male,2,own,little,6999,48,radio/TV,bad
4,27,male,2,own,moderate,1995,12,car,good
2,67,female,3,own,little,1199,9,education,good
2,22,male,2,own,little,1331,12,radio/TV,bad
0,28,female,2,own,moderate,2278,18,car,bad
0,29,female,2,own,NA,5003,21,car,bad
1,27,male,2,own,little,3552,24,furniture/equipment,bad
4,31,male,1,own,little,1928,18,furniture/equipment,bad
2,49,male,2,free,NA,2964,24,car,good
1,24,male,1,rent,little,1546,24,radio/TV,bad
3,29,female,2,own,little,683,6,radio/TV,good
2,37,male,2,free,NA,12389,36,car,bad
3,37,male,3,own,NA,4712,24,business,good
3,23,female,2,rent,moderate,1553,24,radio/TV,good
2,36,male,2,own,little,1372,12,car,bad
4,34,male,2,own,rich,2578,24,radio/TV,good
2,41,male,2,own,NA,3979,48,radio/TV,good
2,31,female,2,own,little,6758,48,radio/TV,bad
2,23,female,1,rent,little,3234,24,furniture/equipment,bad
4,38,male,2,own,little,5954,30,radio/TV,good
2,26,female,3,rent,NA,5433,24,car,good
2,22,female,1,own,little,806,15,business,good
2,27,male,1,own,little,1082,9,radio/TV,good
4,24,female,2,own,little,2788,15,furniture/equipment,good
2,27,female,2,own,little,2930,12,radio/TV,good
4,33,female,2,own,NA,1927,24,education,good
4,27,male,2,own,little,2820,36,car,bad
2,27,male,1,own,little,937,24,education,good
4,30,male,2,own,little,1056,18,car,bad
4,49,male,1,own,little,3124,12,car,good
2,26,female,2,rent,little,1388,9,furniture/equipment,good
2,33,male,1,rent,little,2384,36,repairs,bad
2,52,female,3,free,NA,2133,12,car,good
2,20,female,2,rent,little,2039,18,furniture/equipment,bad
4,36,male,2,rent,little,2799,9,car,good
2,21,male,1,own,little,1289,12,furniture/equipment,good
2,47,male,1,own,little,1217,18,domestic appliances,bad
4,60,male,2,own,little,2246,12,furniture/equipment,bad
4,58,female,1,own,little,385,12,radio/TV,good
3,42,female,2,rent,NA,1965,24,car,good
2,36,female,1,own,rich,1572,21,business,good
2,20,female,1,rent,little,2718,24,car,bad
1,40,male,3,own,NA,1358,24,vacation/others,bad
1,32,female,1,own,moderate,931,6,car,bad
2,23,female,2,rent,little,1442,24,car,bad
0,36,male,1,own,little,4241,24,business,bad
4,31,male,2,own,little,2775,18,car,bad
3,32,male,2,free,little,3863,24,business,good
2,45,female,2,own,little,2329,7,radio/TV,good
2,30,female,2,own,little,918,9,furniture/equipment,bad
1,34,female,1,free,little,1837,24,education,bad
2,28,female,3,own,little,3349,36,furniture/equipment,bad
2,23,female,2,own,little,1275,10,furniture/equipment,good
1,22,male,2,own,quite rich,2828,24,furniture/equipment,good
4,74,male,3,own,little,4526,24,business,good
2,50,female,2,free,moderate,2671,36,radio/TV,bad
2,33,male,2,own,little,2051,18,radio/TV,good
2,45,male,2,free,NA,1300,15,car,good
2,22,female,2,own,moderate,741,12,domestic appliances,bad
2,48,female,1,free,moderate,1240,10,car,bad
2,29,female,2,own,rich,3357,21,radio/TV,good
1,22,female,2,rent,little,3632,24,car,good
3,22,female,2,own,little,1808,18,furniture/equipment,bad
0,48,male,3,own,NA,12204,48,business,good
3,27,male,3,free,NA,9157,60,radio/TV,good
4,37,male,2,rent,little,3676,6,car,good
2,21,female,2,rent,moderate,3441,30,furniture/equipment,bad
2,49,male,1,own,little,640,12,car,good
4,27,male,2,own,little,3652,21,business,good
4,32,male,2,own,little,1530,18,car,bad
2,38,male,2,own,NA,3914,48,business,bad
2,22,female,2,rent,little,1858,12,furniture/equipment,good
2,65,male,2,free,little,2600,18,radio/TV,bad
2,35,male,2,own,NA,1979,15,radio/TV,good
2,41,male,2,own,little,2116,6,furniture/equipment,good
1,29,male,2,own,moderate,1437,9,car,bad
4,36,male,2,own,quite rich,4042,42,furniture/equipment,good
2,64,male,1,own,NA,3832,9,education,good
2,28,female,2,own,little,3660,24,radio/TV,good
1,44,male,2,own,little,1553,18,furniture/equipment,bad
2,23,male,2,own,NA,1444,15,radio/TV,good
2,19,female,2,rent,little,1980,9,furniture/equipment,bad
2,25,female,1,own,little,1355,24,car,bad
2,47,male,2,own,little,1393,12,education,good
2,28,female,2,own,quite rich,1376,24,radio/TV,good
3,21,male,2,own,little,15653,60,radio/TV,good
2,34,female,2,own,little,1493,12,radio/TV,good
3,26,male,2,own,little,4370,42,radio/TV,bad
2,27,female,0,own,little,750,18,education,bad
2,38,male,1,own,little,1308,15,repairs,good
2,40,male,3,own,moderate,4623,15,education,bad
4,33,male,2,own,little,1851,24,radio/TV,good
4,32,male,3,own,little,1880,18,radio/TV,good
3,27,male,2,rent,NA,7980,36,business,bad
0,32,male,2,own,little,4583,30,furniture/equipment,good
2,26,female,2,own,quite rich,1386,12,car,bad
2,38,male,2,free,little,947,24,car,bad
2,40,male,1,rent,little,684,12,education,bad
2,50,male,3,free,little,7476,48,education,good
2,37,male,1,own,little,1922,12,furniture/equipment,bad
2,45,male,2,own,little,2303,24,car,bad
3,42,male,3,own,moderate,8086,36,car,bad
4,35,male,2,own,little,2346,24,car,good
2,22,male,2,free,little,3973,14,car,good
2,41,male,1,own,little,888,12,car,bad
2,37,male,2,own,NA,10222,48,radio/TV,good
0,28,female,2,own,little,4221,30,business,good
4,41,male,2,own,little,6361,18,furniture/equipment,good
2,23,male,2,rent,little,1297,12,radio/TV,good
2,23,male,2,own,NA,900,12,car,bad
2,50,male,2,own,little,2241,21,furniture/equipment,good
3,35,male,3,own,little,1050,6,furniture/equipment,good
4,50,female,1,own,little,1047,6,education,good
4,27,male,3,own,little,6314,24,vacation/others,good
1,34,male,2,own,rich,3496,30,furniture/equipment,good
1,27,female,2,own,little,3609,48,business,good
4,43,male,2,rent,little,4843,12,car,bad
4,47,male,2,own,little,3017,30,radio/TV,good
4,27,male,1,own,moderate,4139,24,business,good
2,31,male,2,own,moderate,5742,36,business,good
2,42,male,3,own,little,10366,60,car,good
4,24,male,2,own,quite rich,2080,6,car,good
3,41,male,1,own,quite rich,2580,21,business,bad
4,26,female,3,rent,little,4530,30,radio/TV,good
4,33,male,2,own,little,5150,24,furniture/equipment,good
2,24,male,2,own,moderate,5595,72,radio/TV,bad
2,64,male,1,rent,little,2384,24,radio/TV,good
2,26,female,2,own,little,1453,18,radio/TV,good
2,56,female,2,own,little,1538,6,education,good
2,37,male,2,free,NA,2279,12,radio/TV,good
3,33,male,2,own,little,1478,15,radio/TV,good
4,47,male,2,free,little,5103,24,radio/TV,good
3,31,male,1,own,moderate,9857,36,business,good
2,34,male,2,free,NA,6527,60,car,good
4,27,male,2,own,NA,1347,10,radio/TV,good
3,30,male,2,free,moderate,2862,36,car,good
2,35,male,2,own,moderate,2753,9,radio/TV,good
2,31,male,2,own,rich,3651,12,car,good
4,25,male,2,own,little,975,15,furniture/equipment,good
2,25,female,1,own,moderate,2631,15,repairs,good
2,29,male,2,own,moderate,2896,24,radio/TV,good
4,44,male,1,own,NA,4716,6,car,good
2,28,male,2,own,little,2284,24,radio/TV,good
2,50,male,2,rent,quite rich,1236,6,car,good
2,29,male,2,own,little,1103,12,radio/TV,good
4,38,female,0,own,little,926,12,car,good
4,24,male,2,own,little,1800,18,radio/TV,good
2,40,male,3,rent,little,1905,15,education,good
2,29,female,1,rent,quite rich,1123,12,furniture/equipment,bad
4,46,male,2,free,little,6331,48,car,bad
2,47,female,2,free,moderate,1377,24,radio/TV,good
3,41,male,2,own,moderate,2503,30,business,good
2,32,female,2,own,little,2528,27,business,good
2,35,female,2,free,quite rich,5324,15,car,good
2,24,male,2,own,moderate,6560,48,car,bad
0,25,female,2,rent,little,2969,12,furniture/equipment,bad
2,25,female,2,own,little,1206,9,radio/TV,good
2,37,male,1,own,little,2118,9,radio/TV,good
4,32,male,3,own,quite rich,629,18,radio/TV,good
1,35,female,2,free,little,1198,6,education,bad
2,46,male,3,own,NA,2476,21,car,good
4,25,male,1,own,little,1138,9,radio/TV,good
2,27,male,3,own,little,14027,60,car,bad
4,63,male,2,own,NA,7596,30,car,good
4,40,male,2,own,NA,3077,30,radio/TV,good
2,32,male,3,free,little,1505,18,radio/TV,good
4,31,male,2,own,NA,3148,24,radio/TV,good
0,31,male,2,own,moderate,6148,20,car,good
0,34,male,3,own,little,1337,9,radio/TV,bad
1,24,female,2,rent,rich,433,6,education,bad
2,24,female,1,own,little,1228,12,car,bad
2,66,female,1,own,quite rich,790,9,radio/TV,good
2,21,female,2,rent,little,2570,27,car,bad
4,41,female,1,own,rich,250,6,car,good
4,47,male,1,own,quite rich,1316,15,radio/TV,good
2,25,female,2,rent,little,1882,18,radio/TV,bad
1,59,female,2,rent,little,6416,48,business,bad
4,36,male,2,own,rich,1275,24,business,good
3,33,male,2,own,little,6403,24,radio/TV,good
2,21,male,1,rent,little,1987,24,radio/TV,bad
2,44,female,1,own,little,760,8,radio/TV,good
2,28,female,2,rent,rich,2603,24,car,good
4,37,female,2,own,little,3380,4,car,good
1,29,female,0,own,NA,3990,36,domestic appliances,good
2,23,female,3,rent,little,11560,24,car,bad
2,35,male,1,own,moderate,4380,18,car,good
4,45,male,3,own,little,6761,6,car,good
0,26,female,1,rent,moderate,4280,30,business,bad
1,32,male,2,own,moderate,2325,24,car,good
1,23,male,1,own,little,1048,10,radio/TV,good
2,41,male,2,own,NA,3160,21,radio/TV,good
1,22,male,2,own,quite rich,2483,24,furniture/equipment,good
4,30,male,3,own,NA,14179,39,furniture/equipment,good
4,28,male,1,own,little,1797,13,business,good
2,23,female,2,rent,little,2511,15,car,good
2,37,female,1,own,little,1274,12,car,bad
2,26,male,2,own,NA,5248,21,car,good
2,33,male,2,own,little,3029,15,car,good
2,49,female,2,own,little,428,6,furniture/equipment,good
2,23,female,1,own,little,976,18,car,bad
2,23,female,1,rent,moderate,841,12,business,good
4,25,female,2,own,little,5771,30,radio/TV,good
3,55,male,2,free,rich,1555,12,repairs,bad
2,32,female,2,rent,NA,1285,24,car,bad
4,74,male,0,own,little,1299,6,car,good
4,39,male,2,free,NA,1271,15,radio/TV,bad
2,31,male,2,own,little,1393,24,car,good
4,35,male,2,own,little,691,12,car,bad
4,59,female,2,own,NA,5045,15,car,good
4,24,female,2,rent,little,2124,18,furniture/equipment,bad
2,24,male,1,own,little,2214,12,radio/TV,good
4,30,male,3,free,NA,12680,21,car,bad
4,27,male,2,own,moderate,2463,24,car,good
2,40,male,1,own,little,1155,12,radio/TV,good
2,31,male,1,own,little,3108,30,furniture/equipment,bad
2,31,female,2,rent,NA,2901,10,car,good
4,28,male,2,rent,little,3617,12,furniture/equipment,good
4,63,male,1,own,little,1655,12,radio/TV,good
2,26,female,2,rent,NA,2812,24,car,good
4,25,female,3,own,little,8065,36,education,bad
4,36,male,3,own,little,3275,21,car,good
4,52,male,2,own,moderate,2223,24,radio/TV,good
4,66,male,0,free,quite rich,1480,12,car,good
2,25,female,2,rent,NA,1371,24,car,bad
4,37,male,2,own,little,3535,36,car,good
2,25,female,2,own,little,3509,18,radio/TV,good
4,38,male,3,own,rich,5711,36,car,good
2,67,female,2,own,little,3872,18,repairs,good
4,25,male,2,own,little,4933,39,radio/TV,bad
4,60,male,2,own,rich,1940,24,car,good
0,31,male,1,own,little,1410,12,education,good
2,23,female,1,own,moderate,836,12,car,bad
2,60,male,3,own,NA,6468,20,car,good
2,35,male,1,own,rich,1941,18,business,good
2,40,male,2,own,quite rich,2675,22,radio/TV,good
4,38,male,2,own,NA,2751,48,car,good
3,50,male,2,free,little,6224,48,education,bad
4,27,male,2,own,little,5998,40,education,bad
2,39,female,2,own,little,1188,21,business,bad
2,41,male,3,own,NA,6313,24,car,good
4,27,male,2,own,NA,1221,6,furniture/equipment,good
2,51,male,2,free,little,2892,24,furniture/equipment,good
2,32,male,2,rent,quite rich,3062,24,furniture/equipment,good
2,22,female,2,rent,moderate,2301,9,furniture/equipment,good
2,51,male,2,free,NA,7511,18,car,bad
4,22,female,1,rent,little,1258,12,furniture/equipment,good
3,54,male,2,own,NA,717,24,car,good
2,35,male,0,own,NA,1549,9,car,good
4,54,male,2,free,little,1597,24,education,good
4,48,female,1,rent,little,1795,18,radio/TV,good
4,24,female,2,own,little,4272,20,furniture/equipment,good
4,35,male,2,own,NA,976,12,radio/TV,good
2,24,female,0,rent,NA,7472,12,car,good
2,24,male,2,own,little,9271,36,car,bad
2,26,male,1,own,little,590,6,radio/TV,good
4,65,male,2,own,NA,930,12,radio/TV,good
1,55,male,3,free,little,9283,42,car,good
0,26,female,0,rent,little,1778,15,car,bad
2,26,male,2,own,little,907,8,business,good
2,28,male,1,own,little,484,6,radio/TV,good
4,24,male,2,own,little,9629,36,car,bad
2,54,male,2,own,little,3051,48,domestic appliances,bad
2,46,male,2,free,little,3931,48,car,bad
3,54,female,2,rent,little,7432,36,car,good
2,62,male,2,own,quite rich,1338,6,domestic appliances,good
4,24,female,2,rent,little,1554,6,radio/TV,good
2,43,male,3,own,little,15857,36,vacation/others,good
2,26,male,2,own,little,1345,18,radio/TV,bad
2,27,male,2,own,little,1101,12,car,good
2,24,male,2,own,little,3016,12,radio/TV,good
2,41,male,2,own,little,2712,36,furniture/equipment,bad
4,47,male,1,own,little,731,8,car,good
4,35,male,3,own,little,3780,18,furniture/equipment,good
4,30,male,2,own,little,1602,21,car,good
4,33,female,2,rent,little,3966,18,car,bad
0,36,male,2,own,little,4165,18,business,bad
2,47,male,2,free,NA,8335,36,car,bad
3,38,male,2,free,NA,6681,48,business,good
3,44,male,2,own,quite rich,2375,24,business,good
2,23,female,2,rent,little,1216,18,car,bad
0,29,male,2,rent,little,11816,45,business,bad
2,42,female,2,own,NA,5084,24,radio/TV,good
2,25,female,1,own,little,2327,15,radio/TV,bad
0,48,male,2,own,little,1082,12,car,bad
2,21,female,2,own,NA,886,12,radio/TV,good
2,23,female,1,rent,little,601,4,furniture/equipment,good
4,63,male,2,own,little,2957,24,car,good
4,46,male,2,own,little,2611,24,radio/TV,good
2,29,male,2,own,little,5179,36,furniture/equipment,bad
3,28,male,1,own,little,2993,21,car,good
2,23,female,2,own,little,1943,18,repairs,bad
1,50,male,2,own,little,1559,24,business,good
2,47,male,2,own,little,3422,18,furniture/equipment,good
2,35,male,2,own,NA,3976,21,furniture/equipment,good
2,68,male,2,rent,NA,6761,18,car,bad
2,28,male,2,own,little,1249,24,car,good
2,59,male,2,own,little,1364,9,radio/TV,good
2,57,male,1,own,little,709,12,radio/TV,bad
4,33,male,2,rent,little,2235,20,car,bad
4,43,male,2,own,NA,4042,24,car,good
4,35,male,2,free,little,1471,15,radio/TV,good
1,32,male,1,free,little,1442,18,car,bad
3,45,male,2,own,little,10875,36,car,good
2,33,male,2,own,moderate,1474,24,car,good
2,40,female,2,own,NA,894,10,education,good
4,28,male,2,free,little,3343,15,furniture/equipment,good
2,29,female,2,own,little,3959,15,car,bad
2,26,male,2,rent,moderate,3577,9,car,good
4,27,male,2,own,rich,5804,24,car,good
3,28,male,2,own,little,2169,18,business,bad
2,35,female,2,own,little,2439,24,radio/TV,bad
4,32,male,1,own,rich,4526,27,furniture/equipment,good
2,25,male,1,rent,little,2210,10,furniture/equipment,bad
2,20,female,2,rent,quite rich,2221,15,furniture/equipment,good
2,27,female,2,own,little,2389,18,radio/TV,good
4,42,male,2,own,little,3331,12,furniture/equipment,good
2,37,male,2,own,NA,7409,36,business,good
2,24,female,2,rent,little,652,12,furniture/equipment,good
3,40,female,2,own,quite rich,7678,36,furniture/equipment,good
4,46,male,2,own,little,1343,6,car,good
4,26,male,2,own,moderate,1382,24,business,good
2,24,female,2,own,NA,874,15,domestic appliances,good
2,29,male,1,own,little,3590,12,furniture/equipment,good
4,40,female,2,own,rich,1322,11,car,good
1,36,male,3,free,little,1940,18,radio/TV,good
2,28,male,2,own,little,3595,36,radio/TV,good
2,27,male,3,free,little,1422,9,car,bad
4,36,male,2,own,NA,6742,30,radio/TV,good
2,38,male,3,own,little,7814,24,car,good
2,48,male,2,free,NA,9277,24,car,good
4,36,male,2,own,NA,2181,30,car,good
4,65,female,0,own,little,1098,18,radio/TV,good
2,43,male,2,own,little,4057,24,furniture/equipment,bad
2,53,female,2,own,little,795,12,education,bad
4,34,male,2,own,NA,2825,24,business,good
2,23,male,2,own,little,15672,48,business,bad
4,34,male,3,own,little,6614,36,car,good
1,40,male,2,rent,NA,7824,28,car,good
4,43,male,3,own,little,2442,27,business,good
4,46,male,2,own,little,1829,15,radio/TV,good
4,38,male,1,own,little,2171,12,car,good
4,34,male,2,own,little,5800,36,car,good
4,29,male,2,own,NA,1169,18,radio/TV,good
3,31,male,3,own,NA,8947,36,car,good
2,28,female,3,rent,little,2606,21,radio/TV,good
4,35,female,2,own,rich,1592,12,furniture/equipment,good
2,33,female,1,rent,NA,2186,15,furniture/equipment,good
2,42,male,2,own,little,4153,18,furniture/equipment,bad
4,43,male,2,rent,little,2625,16,car,bad
4,44,male,2,own,NA,3485,20,car,good
4,42,male,2,free,NA,10477,36,car,good
2,40,male,2,rent,NA,1386,15,radio/TV,good
2,36,male,3,own,little,1278,24,radio/TV,good
2,20,male,3,rent,little,1107,12,radio/TV,good
2,24,male,1,own,NA,3763,21,car,good
2,27,male,2,own,NA,3711,36,education,good
3,46,female,1,own,little,3594,15,car,good
2,33,female,1,own,NA,3195,9,car,good
3,34,female,2,own,little,4454,36,radio/TV,good
4,25,female,1,own,little,4736,24,furniture/equipment,bad
2,25,female,2,own,NA,2991,30,radio/TV,good
2,28,male,2,own,rich,2142,11,business,good
1,31,male,2,rent,little,3161,24,business,bad
0,32,female,3,own,little,18424,48,vacation/others,bad
2,32,male,2,own,moderate,2848,10,car,good
2,68,male,3,own,little,14896,6,car,bad
2,33,male,2,own,moderate,2359,24,furniture/equipment,bad
2,39,male,3,rent,little,3345,24,furniture/equipment,bad
4,28,female,2,own,little,1817,18,furniture/equipment,good
3,37,male,3,own,quite rich,12749,48,radio/TV,good
2,22,female,2,rent,little,1366,9,radio/TV,bad
2,30,male,2,rent,little,2002,12,car,good
1,55,male,2,own,little,6872,24,furniture/equipment,bad
1,46,male,2,own,little,697,12,car,bad
4,21,female,2,rent,little,1049,18,furniture/equipment,good
2,39,male,2,free,little,10297,48,car,bad
2,58,male,2,own,NA,1867,30,radio/TV,good
3,43,male,1,own,little,1344,12,car,good
2,24,male,1,own,little,1747,24,furniture/equipment,good
2,22,female,2,own,little,1670,9,radio/TV,bad
4,30,male,2,own,little,1224,9,car,good
4,42,male,2,own,quite rich,522,12,radio/TV,good
2,23,female,2,own,little,1498,12,radio/TV,good
3,30,male,3,own,moderate,1919,30,radio/TV,bad
2,28,female,1,own,little,745,9,radio/TV,bad
2,30,male,3,rent,little,2063,6,radio/TV,good
2,42,male,2,free,little,6288,60,education,bad
4,46,male,3,own,NA,6842,24,car,good
2,45,male,3,own,NA,3527,12,car,good
2,31,male,1,own,little,1546,10,car,good
2,31,male,2,own,NA,929,24,furniture/equipment,good
4,42,male,1,own,little,1455,4,car,good
2,46,female,2,rent,little,1845,15,furniture/equipment,good
0,30,female,2,own,quite rich,8358,48,car,good
1,30,male,2,free,quite rich,3349,24,furniture/equipment,bad
2,38,male,3,own,NA,2859,12,car,good
2,43,male,1,own,little,1533,18,furniture/equipment,bad
2,31,male,2,own,moderate,3621,24,radio/TV,bad
4,40,male,0,own,little,3590,18,business,good
3,24,male,2,own,little,2145,36,business,bad
2,28,female,2,rent,quite rich,4113,24,car,bad
2,26,female,3,own,little,10974,36,furniture/equipment,bad
2,29,female,2,own,little,1893,12,car,good
4,57,female,3,rent,rich,1231,24,radio/TV,good
4,49,male,1,own,NA,3656,30,radio/TV,good
4,37,male,1,own,little,1154,9,radio/TV,good
2,45,male,1,own,little,4006,28,car,bad
2,30,male,2,free,moderate,3069,24,furniture/equipment,good
4,30,male,2,rent,little,1740,6,radio/TV,good
3,47,male,2,own,little,2353,21,car,good
2,29,male,2,own,NA,3556,15,car,good
2,35,male,2,own,quite rich,2397,24,radio/TV,bad
2,22,male,1,own,little,454,6,repairs,good
2,26,female,2,own,NA,1715,30,radio/TV,good
4,23,male,1,own,quite rich,2520,27,radio/TV,bad
2,54,female,3,rent,little,3568,15,radio/TV,good
2,29,male,2,rent,NA,7166,42,radio/TV,good
4,40,male,1,own,little,3939,11,car,good
2,22,male,2,own,moderate,1514,15,repairs,good
2,43,male,1,own,little,7393,24,car,good
1,29,female,0,rent,little,1193,24,car,bad
2,36,male,2,rent,little,7297,60,business,bad
4,33,female,2,own,little,2831,30,radio/TV,good
2,57,female,1,own,quite rich,1258,24,radio/TV,good
2,64,female,2,own,little,753,6,radio/TV,good
3,42,male,2,own,NA,2427,18,business,good
3,47,male,1,own,little,2538,24,car,bad
1,25,male,2,rent,moderate,1264,15,car,bad
4,49,male,2,own,little,8386,30,furniture/equipment,bad
2,33,male,3,rent,little,4844,48,business,bad
2,28,female,3,own,moderate,2923,21,car,good
2,26,male,2,own,little,8229,36,car,bad
4,30,male,1,own,little,2028,24,furniture/equipment,good
4,25,female,2,rent,little,1433,15,furniture/equipment,good
0,33,male,2,own,little,6289,42,business,good
2,64,female,2,own,moderate,1409,13,radio/TV,good
2,29,male,3,free,little,6579,24,car,good
4,48,male,1,own,little,1743,24,radio/TV,good
4,37,male,1,own,NA,3565,12,education,good
1,34,male,1,own,moderate,1569,15,radio/TV,good
2,23,male,1,rent,NA,1936,18,radio/TV,good
2,30,male,3,own,little,3959,36,furniture/equipment,good
2,50,male,2,own,NA,2390,12,car,good
2,31,female,1,own,little,1736,12,furniture/equipment,good
2,40,male,3,own,little,3857,30,car,good
2,38,male,2,own,little,804,12,radio/TV,good
2,23,male,2,free,little,1845,45,radio/TV,bad
4,27,male,2,own,moderate,4576,45,car,good
